<?xml version="1.0" encoding="UTF-8"?>
<beans xmlns="http://www.springframework.org/schema/beans"
	xmlns:xsi="http://www.w3.org/2001/XMLSchema-instance"
	xmlns:context="http://www.springframework.org/schema/context"
	xmlns:c="http://www.springframework.org/schema/c"
	xmlns:jdbc="http://www.springframework.org/schema/jdbc"
	xsi:schemaLocation="http://www.springframework.org/schema/jdbc http://www.springframework.org/schema/jdbc/spring-jdbc-4.3.xsd
		http://www.springframework.org/schema/beans http://www.springframework.org/schema/beans/spring-beans.xsd
		http://www.springframework.org/schema/context http://www.springframework.org/schema/context/spring-context-4.3.xsd">

	<bean id="dataSource" class="org.apache.commons.dbcp.BasicDataSource" destroy-method="close">
	    <property name="driverClassName" value="com.mysql.cj.jdbc.Driver" />
	    <property name="url" value="jdbc:mysql://127.0.0.1:3306/springdb?allowPublicKeyRetrieval=true&amp;useUnicode=true&amp;characterEncoding=utf8&amp;useSSL=false&amp;serverTimezone=UTC" />
	    <property name="username" value="spring" />
	    <property name="password" value="passwd" />
		<property name="maxActive" value="5" />
	</bean>    
		
	<bean id="jdbcTemplate" class="org.springframework.jdbc.core.JdbcTemplate">
		<constructor-arg ref="dataSource" />
	</bean>
	
	<context:component-scan base-package="org.tukorea.di.persistence"></context:component-scan>
	<context:component-scan base-package="org.tukorea.di.service"></context:component-scan>
	
</beans>
